House1,	ElectricHeater,	1,	1,	1,	0.26,	1.0,	0.41
House1,	ElectricHeater,	1,	1,	1.5,	0.64,	1.0,	0.78
House1,	ElectricHeater,	1,	1,	2,	0.88,	1.0,	0.94
House1,	ElectricHeater,	1,	1,	2.5,	1.0,	1.0,	1.0
House1,	ElectricHeater,	1,	1,	3,	1.0,	1.0,	1.0
House1,	ElectricHeater,	1,	1,	3.5,	1.0,	0.71,	0.83
House1,	ElectricHeater,	1,	1.5,	1,	0.64,	1.0,	0.78
House1,	ElectricHeater,	1,	1.5,	1.5,	0.88,	1.0,	0.94
House1,	ElectricHeater,	1,	1.5,	2,	1.0,	1.0,	1.0
House1,	ElectricHeater,	1,	1.5,	2.5,	1.0,	1.0,	1.0
House1,	ElectricHeater,	1,	1.5,	3,	1.0,	0.86,	0.92
House1,	ElectricHeater,	1,	1.5,	3.5,	1.0,	0.57,	0.73
House1,	ElectricHeater,	1,	2,	1,	0.88,	1.0,	0.94
House1,	ElectricHeater,	1,	2,	1.5,	1.0,	1.0,	1.0
House1,	ElectricHeater,	1,	2,	2,	1.0,	1.0,	1.0
House1,	ElectricHeater,	1,	2,	2.5,	1.0,	0.86,	0.92
House1,	ElectricHeater,	1,	2,	3,	1.0,	0.71,	0.83
House1,	ElectricHeater,	1,	2,	3.5,	1.0,	0.43,	0.6
House1,	ElectricHeater,	1,	2.5,	1,	1.0,	1.0,	1.0
House1,	ElectricHeater,	1,	2.5,	1.5,	1.0,	1.0,	1.0
House1,	ElectricHeater,	1,	2.5,	2,	1.0,	1.0,	1.0
House1,	ElectricHeater,	1,	2.5,	2.5,	1.0,	0.71,	0.83
House1,	ElectricHeater,	1,	2.5,	3,	1.0,	0.57,	0.73
House1,	ElectricHeater,	1,	2.5,	3.5,	1.0,	0.43,	0.6
House1,	ElectricHeater,	1,	3,	1,	1.0,	1.0,	1.0
House1,	ElectricHeater,	1,	3,	1.5,	1.0,	1.0,	1.0
House1,	ElectricHeater,	1,	3,	2,	1.0,	0.71,	0.83
House1,	ElectricHeater,	1,	3,	2.5,	1.0,	0.57,	0.73
House1,	ElectricHeater,	1,	3,	3,	1.0,	0.43,	0.6
House1,	ElectricHeater,	1,	3,	3.5,	1.0,	0.29,	0.45
House1,	ElectricHeater,	1,	3.5,	1,	1.0,	1.0,	1.0
House1,	ElectricHeater,	1,	3.5,	1.5,	1.0,	0.86,	0.92
House1,	ElectricHeater,	1,	3.5,	2,	1.0,	0.71,	0.83
House1,	ElectricHeater,	1,	3.5,	2.5,	1.0,	0.43,	0.6
House1,	ElectricHeater,	1,	3.5,	3,	1.0,	0.29,	0.45
House1,	ElectricHeater,	1,	3.5,	3.5,	1.0,	0.14,	0.25
House1,	ElectricHeater,	2,	1,	1,	0.23,	1.0,	0.37
House1,	ElectricHeater,	2,	1,	1.5,	0.33,	1.0,	0.5
House1,	ElectricHeater,	2,	1,	2,	0.78,	1.0,	0.88
House1,	ElectricHeater,	2,	1,	2.5,	1.0,	1.0,	1.0
House1,	ElectricHeater,	2,	1,	3,	1.0,	1.0,	1.0
House1,	ElectricHeater,	2,	1,	3.5,	1.0,	1.0,	1.0
House1,	ElectricHeater,	2,	1.5,	1,	0.27,	1.0,	0.43
House1,	ElectricHeater,	2,	1.5,	1.5,	0.64,	1.0,	0.78
House1,	ElectricHeater,	2,	1.5,	2,	0.88,	1.0,	0.94
House1,	ElectricHeater,	2,	1.5,	2.5,	1.0,	1.0,	1.0
House1,	ElectricHeater,	2,	1.5,	3,	1.0,	1.0,	1.0
House1,	ElectricHeater,	2,	1.5,	3.5,	1.0,	1.0,	1.0
House1,	ElectricHeater,	2,	2,	1,	0.64,	1.0,	0.78
House1,	ElectricHeater,	2,	2,	1.5,	0.88,	1.0,	0.94
House1,	ElectricHeater,	2,	2,	2,	1.0,	1.0,	1.0
House1,	ElectricHeater,	2,	2,	2.5,	1.0,	1.0,	1.0
House1,	ElectricHeater,	2,	2,	3,	1.0,	1.0,	1.0
House1,	ElectricHeater,	2,	2,	3.5,	1.0,	0.86,	0.92
House1,	ElectricHeater,	2,	2.5,	1,	0.88,	1.0,	0.94
House1,	ElectricHeater,	2,	2.5,	1.5,	1.0,	1.0,	1.0
House1,	ElectricHeater,	2,	2.5,	2,	1.0,	1.0,	1.0
House1,	ElectricHeater,	2,	2.5,	2.5,	1.0,	1.0,	1.0
House1,	ElectricHeater,	2,	2.5,	3,	1.0,	1.0,	1.0
House1,	ElectricHeater,	2,	2.5,	3.5,	1.0,	0.86,	0.92
House1,	ElectricHeater,	2,	3,	1,	1.0,	1.0,	1.0
House1,	ElectricHeater,	2,	3,	1.5,	1.0,	1.0,	1.0
House1,	ElectricHeater,	2,	3,	2,	1.0,	1.0,	1.0
House1,	ElectricHeater,	2,	3,	2.5,	1.0,	1.0,	1.0
House1,	ElectricHeater,	2,	3,	3,	1.0,	1.0,	1.0
House1,	ElectricHeater,	2,	3,	3.5,	1.0,	0.86,	0.92
House1,	ElectricHeater,	2,	3.5,	1,	1.0,	1.0,	1.0
House1,	ElectricHeater,	2,	3.5,	1.5,	1.0,	1.0,	1.0
House1,	ElectricHeater,	2,	3.5,	2,	1.0,	1.0,	1.0
House1,	ElectricHeater,	2,	3.5,	2.5,	1.0,	1.0,	1.0
House1,	ElectricHeater,	2,	3.5,	3,	1.0,	0.86,	0.92
House1,	ElectricHeater,	2,	3.5,	3.5,	1.0,	0.86,	0.92
House1,	ElectricHeater,	3,	1,	1,	0.23,	1.0,	0.37
House1,	ElectricHeater,	3,	1,	1.5,	0.28,	1.0,	0.44
House1,	ElectricHeater,	3,	1,	2,	0.64,	1.0,	0.78
House1,	ElectricHeater,	3,	1,	2.5,	0.88,	1.0,	0.94
House1,	ElectricHeater,	3,	1,	3,	1.0,	1.0,	1.0
House1,	ElectricHeater,	3,	1,	3.5,	1.0,	1.0,	1.0
House1,	ElectricHeater,	3,	1.5,	1,	0.27,	1.0,	0.43
House1,	ElectricHeater,	3,	1.5,	1.5,	0.64,	1.0,	0.78
House1,	ElectricHeater,	3,	1.5,	2,	0.88,	1.0,	0.94
House1,	ElectricHeater,	3,	1.5,	2.5,	1.0,	1.0,	1.0
House1,	ElectricHeater,	3,	1.5,	3,	1.0,	1.0,	1.0
House1,	ElectricHeater,	3,	1.5,	3.5,	1.0,	1.0,	1.0
House1,	ElectricHeater,	3,	2,	1,	0.64,	1.0,	0.78
House1,	ElectricHeater,	3,	2,	1.5,	0.88,	1.0,	0.94
House1,	ElectricHeater,	3,	2,	2,	1.0,	1.0,	1.0
House1,	ElectricHeater,	3,	2,	2.5,	1.0,	1.0,	1.0
House1,	ElectricHeater,	3,	2,	3,	1.0,	1.0,	1.0
House1,	ElectricHeater,	3,	2,	3.5,	1.0,	1.0,	1.0
House1,	ElectricHeater,	3,	2.5,	1,	0.88,	1.0,	0.94
House1,	ElectricHeater,	3,	2.5,	1.5,	1.0,	1.0,	1.0
House1,	ElectricHeater,	3,	2.5,	2,	1.0,	1.0,	1.0
House1,	ElectricHeater,	3,	2.5,	2.5,	1.0,	1.0,	1.0
House1,	ElectricHeater,	3,	2.5,	3,	1.0,	1.0,	1.0
House1,	ElectricHeater,	3,	2.5,	3.5,	1.0,	1.0,	1.0
House1,	ElectricHeater,	3,	3,	1,	1.0,	1.0,	1.0
House1,	ElectricHeater,	3,	3,	1.5,	1.0,	1.0,	1.0
House1,	ElectricHeater,	3,	3,	2,	1.0,	1.0,	1.0
House1,	ElectricHeater,	3,	3,	2.5,	1.0,	1.0,	1.0
House1,	ElectricHeater,	3,	3,	3,	1.0,	1.0,	1.0
House1,	ElectricHeater,	3,	3,	3.5,	1.0,	1.0,	1.0
House1,	ElectricHeater,	3,	3.5,	1,	1.0,	1.0,	1.0
House1,	ElectricHeater,	3,	3.5,	1.5,	1.0,	1.0,	1.0
House1,	ElectricHeater,	3,	3.5,	2,	1.0,	1.0,	1.0
House1,	ElectricHeater,	3,	3.5,	2.5,	1.0,	1.0,	1.0
House1,	ElectricHeater,	3,	3.5,	3,	1.0,	1.0,	1.0
House1,	ElectricHeater,	3,	3.5,	3.5,	1.0,	1.0,	1.0
House1,	ElectricHeater,	4,	1,	1,	0.21,	1.0,	0.35
House1,	ElectricHeater,	4,	1,	1.5,	0.27,	1.0,	0.43
House1,	ElectricHeater,	4,	1,	2,	0.64,	1.0,	0.78
House1,	ElectricHeater,	4,	1,	2.5,	0.78,	1.0,	0.88
House1,	ElectricHeater,	4,	1,	3,	0.78,	1.0,	0.88
House1,	ElectricHeater,	4,	1,	3.5,	0.78,	1.0,	0.88
House1,	ElectricHeater,	4,	1.5,	1,	0.25,	1.0,	0.4
House1,	ElectricHeater,	4,	1.5,	1.5,	0.54,	1.0,	0.7
House1,	ElectricHeater,	4,	1.5,	2,	0.78,	1.0,	0.88
House1,	ElectricHeater,	4,	1.5,	2.5,	0.78,	1.0,	0.88
House1,	ElectricHeater,	4,	1.5,	3,	0.78,	1.0,	0.88
House1,	ElectricHeater,	4,	1.5,	3.5,	0.88,	1.0,	0.94
House1,	ElectricHeater,	4,	2,	1,	0.41,	1.0,	0.58
House1,	ElectricHeater,	4,	2,	1.5,	0.78,	1.0,	0.88
House1,	ElectricHeater,	4,	2,	2,	0.78,	1.0,	0.88
House1,	ElectricHeater,	4,	2,	2.5,	0.78,	1.0,	0.88
House1,	ElectricHeater,	4,	2,	3,	0.78,	1.0,	0.88
House1,	ElectricHeater,	4,	2,	3.5,	0.88,	1.0,	0.94
House1,	ElectricHeater,	4,	2.5,	1,	0.78,	1.0,	0.88
House1,	ElectricHeater,	4,	2.5,	1.5,	0.78,	1.0,	0.88
House1,	ElectricHeater,	4,	2.5,	2,	0.78,	1.0,	0.88
House1,	ElectricHeater,	4,	2.5,	2.5,	0.78,	1.0,	0.88
House1,	ElectricHeater,	4,	2.5,	3,	0.88,	1.0,	0.94
House1,	ElectricHeater,	4,	2.5,	3.5,	0.88,	1.0,	0.94
House1,	ElectricHeater,	4,	3,	1,	0.78,	1.0,	0.88
House1,	ElectricHeater,	4,	3,	1.5,	0.78,	1.0,	0.88
House1,	ElectricHeater,	4,	3,	2,	0.78,	1.0,	0.88
House1,	ElectricHeater,	4,	3,	2.5,	0.78,	1.0,	0.88
House1,	ElectricHeater,	4,	3,	3,	0.88,	1.0,	0.94
House1,	ElectricHeater,	4,	3,	3.5,	1.0,	1.0,	1.0
House1,	ElectricHeater,	4,	3.5,	1,	0.78,	1.0,	0.88
House1,	ElectricHeater,	4,	3.5,	1.5,	0.78,	1.0,	0.88
House1,	ElectricHeater,	4,	3.5,	2,	0.78,	1.0,	0.88
House1,	ElectricHeater,	4,	3.5,	2.5,	0.88,	1.0,	0.94
House1,	ElectricHeater,	4,	3.5,	3,	0.88,	1.0,	0.94
House1,	ElectricHeater,	4,	3.5,	3.5,	1.0,	1.0,	1.0
House1,	ElectricHeater,	6,	1,	1,	0.21,	1.0,	0.35
House1,	ElectricHeater,	6,	1,	1.5,	0.24,	1.0,	0.39
House1,	ElectricHeater,	6,	1,	2,	0.37,	1.0,	0.54
House1,	ElectricHeater,	6,	1,	2.5,	0.7,	1.0,	0.82
House1,	ElectricHeater,	6,	1,	3,	0.78,	1.0,	0.88
House1,	ElectricHeater,	6,	1,	3.5,	0.88,	1.0,	0.94
House1,	ElectricHeater,	6,	1.5,	1,	0.23,	1.0,	0.37
House1,	ElectricHeater,	6,	1.5,	1.5,	0.28,	1.0,	0.44
House1,	ElectricHeater,	6,	1.5,	2,	0.64,	1.0,	0.78
House1,	ElectricHeater,	6,	1.5,	2.5,	0.7,	1.0,	0.82
House1,	ElectricHeater,	6,	1.5,	3,	0.88,	1.0,	0.94
House1,	ElectricHeater,	6,	1.5,	3.5,	0.88,	1.0,	0.94
House1,	ElectricHeater,	6,	2,	1,	0.27,	1.0,	0.43
House1,	ElectricHeater,	6,	2,	1.5,	0.64,	1.0,	0.78
House1,	ElectricHeater,	6,	2,	2,	0.7,	1.0,	0.82
House1,	ElectricHeater,	6,	2,	2.5,	0.78,	1.0,	0.88
House1,	ElectricHeater,	6,	2,	3,	0.88,	1.0,	0.94
House1,	ElectricHeater,	6,	2,	3.5,	0.88,	1.0,	0.94
House1,	ElectricHeater,	6,	2.5,	1,	0.58,	1.0,	0.73
House1,	ElectricHeater,	6,	2.5,	1.5,	0.7,	1.0,	0.82
House1,	ElectricHeater,	6,	2.5,	2,	0.78,	1.0,	0.88
House1,	ElectricHeater,	6,	2.5,	2.5,	0.88,	1.0,	0.94
House1,	ElectricHeater,	6,	2.5,	3,	0.88,	1.0,	0.94
House1,	ElectricHeater,	6,	2.5,	3.5,	0.88,	1.0,	0.94
House1,	ElectricHeater,	6,	3,	1,	0.7,	1.0,	0.82
House1,	ElectricHeater,	6,	3,	1.5,	0.78,	1.0,	0.88
House1,	ElectricHeater,	6,	3,	2,	0.88,	1.0,	0.94
House1,	ElectricHeater,	6,	3,	2.5,	0.88,	1.0,	0.94
House1,	ElectricHeater,	6,	3,	3,	0.88,	1.0,	0.94
House1,	ElectricHeater,	6,	3,	3.5,	0.88,	1.0,	0.94
House1,	ElectricHeater,	6,	3.5,	1,	0.78,	1.0,	0.88
House1,	ElectricHeater,	6,	3.5,	1.5,	0.88,	1.0,	0.94
House1,	ElectricHeater,	6,	3.5,	2,	0.88,	1.0,	0.94
House1,	ElectricHeater,	6,	3.5,	2.5,	0.88,	1.0,	0.94
House1,	ElectricHeater,	6,	3.5,	3,	0.88,	1.0,	0.94
House1,	ElectricHeater,	6,	3.5,	3.5,	0.88,	1.0,	0.94
House1,	ElectricHeater,	8,	1,	1,	0.2,	1.0,	0.33
House1,	ElectricHeater,	8,	1,	1.5,	0.23,	1.0,	0.37
House1,	ElectricHeater,	8,	1,	2,	0.27,	1.0,	0.43
House1,	ElectricHeater,	8,	1,	2.5,	0.54,	1.0,	0.7
House1,	ElectricHeater,	8,	1,	3,	0.54,	1.0,	0.7
House1,	ElectricHeater,	8,	1,	3.5,	0.58,	1.0,	0.73
House1,	ElectricHeater,	8,	1.5,	1,	0.21,	1.0,	0.35
House1,	ElectricHeater,	8,	1.5,	1.5,	0.26,	1.0,	0.41
House1,	ElectricHeater,	8,	1.5,	2,	0.54,	1.0,	0.7
House1,	ElectricHeater,	8,	1.5,	2.5,	0.54,	1.0,	0.7
House1,	ElectricHeater,	8,	1.5,	3,	0.58,	1.0,	0.73
House1,	ElectricHeater,	8,	1.5,	3.5,	0.58,	1.0,	0.73
House1,	ElectricHeater,	8,	2,	1,	0.25,	1.0,	0.4
House1,	ElectricHeater,	8,	2,	1.5,	0.54,	1.0,	0.7
House1,	ElectricHeater,	8,	2,	2,	0.54,	1.0,	0.7
House1,	ElectricHeater,	8,	2,	2.5,	0.58,	1.0,	0.73
House1,	ElectricHeater,	8,	2,	3,	0.58,	1.0,	0.73
House1,	ElectricHeater,	8,	2,	3.5,	0.7,	1.0,	0.82
House1,	ElectricHeater,	8,	2.5,	1,	0.5,	1.0,	0.67
House1,	ElectricHeater,	8,	2.5,	1.5,	0.54,	1.0,	0.7
House1,	ElectricHeater,	8,	2.5,	2,	0.54,	1.0,	0.7
House1,	ElectricHeater,	8,	2.5,	2.5,	0.58,	1.0,	0.73
House1,	ElectricHeater,	8,	2.5,	3,	0.7,	1.0,	0.82
House1,	ElectricHeater,	8,	2.5,	3.5,	0.7,	1.0,	0.82
House1,	ElectricHeater,	8,	3,	1,	0.54,	1.0,	0.7
House1,	ElectricHeater,	8,	3,	1.5,	0.54,	1.0,	0.7
House1,	ElectricHeater,	8,	3,	2,	0.58,	1.0,	0.73
House1,	ElectricHeater,	8,	3,	2.5,	0.7,	1.0,	0.82
House1,	ElectricHeater,	8,	3,	3,	0.7,	1.0,	0.82
House1,	ElectricHeater,	8,	3,	3.5,	0.7,	1.0,	0.82
House1,	ElectricHeater,	8,	3.5,	1,	0.54,	1.0,	0.7
House1,	ElectricHeater,	8,	3.5,	1.5,	0.58,	1.0,	0.73
House1,	ElectricHeater,	8,	3.5,	2,	0.64,	1.0,	0.78
House1,	ElectricHeater,	8,	3.5,	2.5,	0.7,	1.0,	0.82
House1,	ElectricHeater,	8,	3.5,	3,	0.7,	1.0,	0.82
House1,	ElectricHeater,	8,	3.5,	3.5,	0.7,	1.0,	0.82
House10,	Chest_Freezer,	1,	1,	1,	0.78,	0.97,	0.86
House10,	Chest_Freezer,	1,	1,	1.5,	0.84,	0.97,	0.9
House10,	Chest_Freezer,	1,	1,	2,	0.88,	0.91,	0.89
House10,	Chest_Freezer,	1,	1,	2.5,	0.94,	0.91,	0.92
House10,	Chest_Freezer,	1,	1,	3,	1.0,	0.91,	0.95
House10,	Chest_Freezer,	1,	1,	3.5,	1.0,	0.85,	0.92
House10,	Chest_Freezer,	1,	1.5,	1,	1.0,	0.91,	0.95
House10,	Chest_Freezer,	1,	1.5,	1.5,	1.0,	0.91,	0.95
House10,	Chest_Freezer,	1,	1.5,	2,	1.0,	0.85,	0.92
House10,	Chest_Freezer,	1,	1.5,	2.5,	1.0,	0.85,	0.92
House10,	Chest_Freezer,	1,	1.5,	3,	1.0,	0.85,	0.92
House10,	Chest_Freezer,	1,	1.5,	3.5,	1.0,	0.85,	0.92
House10,	Chest_Freezer,	1,	2,	1,	1.0,	0.85,	0.92
House10,	Chest_Freezer,	1,	2,	1.5,	1.0,	0.85,	0.92
House10,	Chest_Freezer,	1,	2,	2,	1.0,	0.85,	0.92
House10,	Chest_Freezer,	1,	2,	2.5,	1.0,	0.79,	0.88
House10,	Chest_Freezer,	1,	2,	3,	1.0,	0.76,	0.86
House10,	Chest_Freezer,	1,	2,	3.5,	1.0,	0.76,	0.86
House10,	Chest_Freezer,	1,	2.5,	1,	1.0,	0.76,	0.86
House10,	Chest_Freezer,	1,	2.5,	1.5,	1.0,	0.76,	0.86
House10,	Chest_Freezer,	1,	2.5,	2,	1.0,	0.76,	0.86
House10,	Chest_Freezer,	1,	2.5,	2.5,	1.0,	0.76,	0.86
House10,	Chest_Freezer,	1,	2.5,	3,	1.0,	0.76,	0.86
House10,	Chest_Freezer,	1,	2.5,	3.5,	1.0,	0.76,	0.86
House10,	Chest_Freezer,	1,	3,	1,	1.0,	0.76,	0.86
House10,	Chest_Freezer,	1,	3,	1.5,	1.0,	0.76,	0.86
House10,	Chest_Freezer,	1,	3,	2,	1.0,	0.76,	0.86
House10,	Chest_Freezer,	1,	3,	2.5,	1.0,	0.73,	0.84
House10,	Chest_Freezer,	1,	3,	3,	1.0,	0.73,	0.84
House10,	Chest_Freezer,	1,	3,	3.5,	1.0,	0.73,	0.84
House10,	Chest_Freezer,	1,	3.5,	1,	1.0,	0.73,	0.84
House10,	Chest_Freezer,	1,	3.5,	1.5,	1.0,	0.73,	0.84
House10,	Chest_Freezer,	1,	3.5,	2,	1.0,	0.73,	0.84
House10,	Chest_Freezer,	1,	3.5,	2.5,	1.0,	0.73,	0.84
House10,	Chest_Freezer,	1,	3.5,	3,	1.0,	0.73,	0.84
House10,	Chest_Freezer,	1,	3.5,	3.5,	1.0,	0.73,	0.84
House10,	Chest_Freezer,	2,	1,	1,	0.69,	1.0,	0.82
House10,	Chest_Freezer,	2,	1,	1.5,	0.8,	1.0,	0.89
House10,	Chest_Freezer,	2,	1,	2,	0.85,	1.0,	0.92
House10,	Chest_Freezer,	2,	1,	2.5,	0.85,	1.0,	0.92
House10,	Chest_Freezer,	2,	1,	3,	0.97,	0.97,	0.97
House10,	Chest_Freezer,	2,	1,	3.5,	1.0,	0.97,	0.98
House10,	Chest_Freezer,	2,	1.5,	1,	0.87,	1.0,	0.93
House10,	Chest_Freezer,	2,	1.5,	1.5,	0.97,	0.97,	0.97
House10,	Chest_Freezer,	2,	1.5,	2,	1.0,	0.97,	0.98
House10,	Chest_Freezer,	2,	1.5,	2.5,	1.0,	0.97,	0.98
House10,	Chest_Freezer,	2,	1.5,	3,	1.0,	0.97,	0.98
House10,	Chest_Freezer,	2,	1.5,	3.5,	1.0,	0.88,	0.94
House10,	Chest_Freezer,	2,	2,	1,	1.0,	0.94,	0.97
House10,	Chest_Freezer,	2,	2,	1.5,	1.0,	0.94,	0.97
House10,	Chest_Freezer,	2,	2,	2,	1.0,	0.88,	0.94
House10,	Chest_Freezer,	2,	2,	2.5,	1.0,	0.88,	0.94
House10,	Chest_Freezer,	2,	2,	3,	1.0,	0.88,	0.94
House10,	Chest_Freezer,	2,	2,	3.5,	1.0,	0.88,	0.94
House10,	Chest_Freezer,	2,	2.5,	1,	1.0,	0.88,	0.94
House10,	Chest_Freezer,	2,	2.5,	1.5,	1.0,	0.88,	0.94
House10,	Chest_Freezer,	2,	2.5,	2,	1.0,	0.88,	0.94
House10,	Chest_Freezer,	2,	2.5,	2.5,	1.0,	0.88,	0.94
House10,	Chest_Freezer,	2,	2.5,	3,	1.0,	0.88,	0.94
House10,	Chest_Freezer,	2,	2.5,	3.5,	1.0,	0.88,	0.94
House10,	Chest_Freezer,	2,	3,	1,	1.0,	0.88,	0.94
House10,	Chest_Freezer,	2,	3,	1.5,	1.0,	0.88,	0.94
House10,	Chest_Freezer,	2,	3,	2,	1.0,	0.88,	0.94
House10,	Chest_Freezer,	2,	3,	2.5,	1.0,	0.88,	0.94
House10,	Chest_Freezer,	2,	3,	3,	1.0,	0.88,	0.94
House10,	Chest_Freezer,	2,	3,	3.5,	1.0,	0.88,	0.94
House10,	Chest_Freezer,	2,	3.5,	1,	1.0,	0.88,	0.94
House10,	Chest_Freezer,	2,	3.5,	1.5,	1.0,	0.88,	0.94
House10,	Chest_Freezer,	2,	3.5,	2,	1.0,	0.88,	0.94
House10,	Chest_Freezer,	2,	3.5,	2.5,	1.0,	0.88,	0.94
House10,	Chest_Freezer,	2,	3.5,	3,	1.0,	0.88,	0.94
House10,	Chest_Freezer,	2,	3.5,	3.5,	1.0,	0.88,	0.94
House10,	Chest_Freezer,	3,	1,	1,	0.7,	1.0,	0.82
House10,	Chest_Freezer,	3,	1,	1.5,	0.75,	1.0,	0.86
House10,	Chest_Freezer,	3,	1,	2,	0.8,	1.0,	0.89
House10,	Chest_Freezer,	3,	1,	2.5,	0.87,	1.0,	0.93
House10,	Chest_Freezer,	3,	1,	3,	0.89,	1.0,	0.94
House10,	Chest_Freezer,	3,	1,	3.5,	0.89,	1.0,	0.94
House10,	Chest_Freezer,	3,	1.5,	1,	0.89,	1.0,	0.94
House10,	Chest_Freezer,	3,	1.5,	1.5,	0.89,	1.0,	0.94
House10,	Chest_Freezer,	3,	1.5,	2,	0.94,	1.0,	0.97
House10,	Chest_Freezer,	3,	1.5,	2.5,	0.94,	1.0,	0.97
House10,	Chest_Freezer,	3,	1.5,	3,	0.94,	1.0,	0.97
House10,	Chest_Freezer,	3,	1.5,	3.5,	0.94,	1.0,	0.97
House10,	Chest_Freezer,	3,	2,	1,	0.94,	1.0,	0.97
House10,	Chest_Freezer,	3,	2,	1.5,	0.97,	1.0,	0.98
House10,	Chest_Freezer,	3,	2,	2,	1.0,	0.91,	0.95
House10,	Chest_Freezer,	3,	2,	2.5,	1.0,	0.91,	0.95
House10,	Chest_Freezer,	3,	2,	3,	1.0,	0.91,	0.95
House10,	Chest_Freezer,	3,	2,	3.5,	1.0,	0.91,	0.95
House10,	Chest_Freezer,	3,	2.5,	1,	1.0,	0.91,	0.95
House10,	Chest_Freezer,	3,	2.5,	1.5,	1.0,	0.88,	0.94
House10,	Chest_Freezer,	3,	2.5,	2,	1.0,	0.88,	0.94
House10,	Chest_Freezer,	3,	2.5,	2.5,	1.0,	0.88,	0.94
House10,	Chest_Freezer,	3,	2.5,	3,	1.0,	0.88,	0.94
House10,	Chest_Freezer,	3,	2.5,	3.5,	1.0,	0.88,	0.94
House10,	Chest_Freezer,	3,	3,	1,	1.0,	0.88,	0.94
House10,	Chest_Freezer,	3,	3,	1.5,	1.0,	0.88,	0.94
House10,	Chest_Freezer,	3,	3,	2,	1.0,	0.88,	0.94
House10,	Chest_Freezer,	3,	3,	2.5,	1.0,	0.88,	0.94
House10,	Chest_Freezer,	3,	3,	3,	1.0,	0.88,	0.94
House10,	Chest_Freezer,	3,	3,	3.5,	1.0,	0.88,	0.94
House10,	Chest_Freezer,	3,	3.5,	1,	1.0,	0.88,	0.94
House10,	Chest_Freezer,	3,	3.5,	1.5,	1.0,	0.88,	0.94
House10,	Chest_Freezer,	3,	3.5,	2,	1.0,	0.88,	0.94
House10,	Chest_Freezer,	3,	3.5,	2.5,	1.0,	0.88,	0.94
House10,	Chest_Freezer,	3,	3.5,	3,	1.0,	0.88,	0.94
House10,	Chest_Freezer,	3,	3.5,	3.5,	1.0,	0.88,	0.94
House10,	Chest_Freezer,	4,	1,	1,	0.67,	1.0,	0.8
House10,	Chest_Freezer,	4,	1,	1.5,	0.73,	1.0,	0.84
House10,	Chest_Freezer,	4,	1,	2,	0.75,	1.0,	0.86
House10,	Chest_Freezer,	4,	1,	2.5,	0.8,	1.0,	0.89
House10,	Chest_Freezer,	4,	1,	3,	0.87,	1.0,	0.93
House10,	Chest_Freezer,	4,	1,	3.5,	0.92,	1.0,	0.96
House10,	Chest_Freezer,	4,	1.5,	1,	0.87,	1.0,	0.93
House10,	Chest_Freezer,	4,	1.5,	1.5,	0.92,	1.0,	0.96
House10,	Chest_Freezer,	4,	1.5,	2,	0.92,	1.0,	0.96
House10,	Chest_Freezer,	4,	1.5,	2.5,	0.94,	1.0,	0.97
House10,	Chest_Freezer,	4,	1.5,	3,	0.94,	1.0,	0.97
House10,	Chest_Freezer,	4,	1.5,	3.5,	1.0,	1.0,	1.0
House10,	Chest_Freezer,	4,	2,	1,	1.0,	1.0,	1.0
House10,	Chest_Freezer,	4,	2,	1.5,	1.0,	1.0,	1.0
House10,	Chest_Freezer,	4,	2,	2,	1.0,	1.0,	1.0
House10,	Chest_Freezer,	4,	2,	2.5,	1.0,	1.0,	1.0
House10,	Chest_Freezer,	4,	2,	3,	1.0,	1.0,	1.0
House10,	Chest_Freezer,	4,	2,	3.5,	1.0,	1.0,	1.0
House10,	Chest_Freezer,	4,	2.5,	1,	1.0,	1.0,	1.0
House10,	Chest_Freezer,	4,	2.5,	1.5,	1.0,	1.0,	1.0
House10,	Chest_Freezer,	4,	2.5,	2,	1.0,	1.0,	1.0
House10,	Chest_Freezer,	4,	2.5,	2.5,	1.0,	1.0,	1.0
House10,	Chest_Freezer,	4,	2.5,	3,	1.0,	0.94,	0.97
House10,	Chest_Freezer,	4,	2.5,	3.5,	1.0,	0.94,	0.97
House10,	Chest_Freezer,	4,	3,	1,	1.0,	1.0,	1.0
House10,	Chest_Freezer,	4,	3,	1.5,	1.0,	1.0,	1.0
House10,	Chest_Freezer,	4,	3,	2,	1.0,	0.91,	0.95
House10,	Chest_Freezer,	4,	3,	2.5,	1.0,	0.91,	0.95
House10,	Chest_Freezer,	4,	3,	3,	1.0,	0.91,	0.95
House10,	Chest_Freezer,	4,	3,	3.5,	1.0,	0.91,	0.95
House10,	Chest_Freezer,	4,	3.5,	1,	1.0,	0.97,	0.98
House10,	Chest_Freezer,	4,	3.5,	1.5,	1.0,	0.91,	0.95
House10,	Chest_Freezer,	4,	3.5,	2,	1.0,	0.91,	0.95
House10,	Chest_Freezer,	4,	3.5,	2.5,	1.0,	0.91,	0.95
House10,	Chest_Freezer,	4,	3.5,	3,	1.0,	0.91,	0.95
House10,	Chest_Freezer,	4,	3.5,	3.5,	1.0,	0.91,	0.95
House10,	Chest_Freezer,	6,	1,	1,	0.58,	1.0,	0.73
House10,	Chest_Freezer,	6,	1,	1.5,	0.6,	1.0,	0.75
House10,	Chest_Freezer,	6,	1,	2,	0.65,	1.0,	0.79
House10,	Chest_Freezer,	6,	1,	2.5,	0.82,	1.0,	0.9
House10,	Chest_Freezer,	6,	1,	3,	0.85,	1.0,	0.92
House10,	Chest_Freezer,	6,	1,	3.5,	0.85,	1.0,	0.92
House10,	Chest_Freezer,	6,	1.5,	1,	0.89,	1.0,	0.94
House10,	Chest_Freezer,	6,	1.5,	1.5,	0.94,	1.0,	0.97
House10,	Chest_Freezer,	6,	1.5,	2,	0.97,	1.0,	0.98
House10,	Chest_Freezer,	6,	1.5,	2.5,	0.97,	1.0,	0.98
House10,	Chest_Freezer,	6,	1.5,	3,	0.97,	1.0,	0.98
House10,	Chest_Freezer,	6,	1.5,	3.5,	0.97,	1.0,	0.98
House10,	Chest_Freezer,	6,	2,	1,	0.97,	1.0,	0.98
House10,	Chest_Freezer,	6,	2,	1.5,	0.97,	1.0,	0.98
House10,	Chest_Freezer,	6,	2,	2,	1.0,	1.0,	1.0
House10,	Chest_Freezer,	6,	2,	2.5,	1.0,	1.0,	1.0
House10,	Chest_Freezer,	6,	2,	3,	1.0,	1.0,	1.0
House10,	Chest_Freezer,	6,	2,	3.5,	1.0,	1.0,	1.0
House10,	Chest_Freezer,	6,	2.5,	1,	1.0,	1.0,	1.0
House10,	Chest_Freezer,	6,	2.5,	1.5,	1.0,	1.0,	1.0
House10,	Chest_Freezer,	6,	2.5,	2,	1.0,	1.0,	1.0
House10,	Chest_Freezer,	6,	2.5,	2.5,	1.0,	1.0,	1.0
House10,	Chest_Freezer,	6,	2.5,	3,	1.0,	0.94,	0.97
House10,	Chest_Freezer,	6,	2.5,	3.5,	1.0,	0.94,	0.97
House10,	Chest_Freezer,	6,	3,	1,	1.0,	1.0,	1.0
House10,	Chest_Freezer,	6,	3,	1.5,	1.0,	1.0,	1.0
House10,	Chest_Freezer,	6,	3,	2,	1.0,	0.94,	0.97
House10,	Chest_Freezer,	6,	3,	2.5,	1.0,	0.94,	0.97
House10,	Chest_Freezer,	6,	3,	3,	1.0,	0.94,	0.97
House10,	Chest_Freezer,	6,	3,	3.5,	1.0,	0.94,	0.97
House10,	Chest_Freezer,	6,	3.5,	1,	1.0,	0.94,	0.97
House10,	Chest_Freezer,	6,	3.5,	1.5,	1.0,	0.94,	0.97
House10,	Chest_Freezer,	6,	3.5,	2,	1.0,	0.94,	0.97
House10,	Chest_Freezer,	6,	3.5,	2.5,	1.0,	0.94,	0.97
House10,	Chest_Freezer,	6,	3.5,	3,	1.0,	0.94,	0.97
House10,	Chest_Freezer,	6,	3.5,	3.5,	1.0,	0.94,	0.97
House10,	Chest_Freezer,	8,	1,	1,	0.6,	1.0,	0.75
House10,	Chest_Freezer,	8,	1,	1.5,	0.6,	1.0,	0.75
House10,	Chest_Freezer,	8,	1,	2,	0.61,	1.0,	0.76
House10,	Chest_Freezer,	8,	1,	2.5,	0.7,	1.0,	0.82
House10,	Chest_Freezer,	8,	1,	3,	0.73,	1.0,	0.84
House10,	Chest_Freezer,	8,	1,	3.5,	0.73,	1.0,	0.84
House10,	Chest_Freezer,	8,	1.5,	1,	0.82,	1.0,	0.9
House10,	Chest_Freezer,	8,	1.5,	1.5,	0.92,	1.0,	0.96
House10,	Chest_Freezer,	8,	1.5,	2,	0.97,	1.0,	0.98
House10,	Chest_Freezer,	8,	1.5,	2.5,	0.97,	1.0,	0.98
House10,	Chest_Freezer,	8,	1.5,	3,	0.97,	1.0,	0.98
House10,	Chest_Freezer,	8,	1.5,	3.5,	0.97,	1.0,	0.98
House10,	Chest_Freezer,	8,	2,	1,	0.94,	1.0,	0.97
House10,	Chest_Freezer,	8,	2,	1.5,	0.97,	1.0,	0.98
House10,	Chest_Freezer,	8,	2,	2,	0.97,	1.0,	0.98
House10,	Chest_Freezer,	8,	2,	2.5,	0.97,	1.0,	0.98
House10,	Chest_Freezer,	8,	2,	3,	1.0,	1.0,	1.0
House10,	Chest_Freezer,	8,	2,	3.5,	1.0,	1.0,	1.0
House10,	Chest_Freezer,	8,	2.5,	1,	1.0,	1.0,	1.0
House10,	Chest_Freezer,	8,	2.5,	1.5,	1.0,	1.0,	1.0
House10,	Chest_Freezer,	8,	2.5,	2,	1.0,	1.0,	1.0
House10,	Chest_Freezer,	8,	2.5,	2.5,	1.0,	1.0,	1.0
House10,	Chest_Freezer,	8,	2.5,	3,	1.0,	1.0,	1.0
House10,	Chest_Freezer,	8,	2.5,	3.5,	1.0,	1.0,	1.0
House10,	Chest_Freezer,	8,	3,	1,	1.0,	1.0,	1.0
House10,	Chest_Freezer,	8,	3,	1.5,	1.0,	1.0,	1.0
House10,	Chest_Freezer,	8,	3,	2,	1.0,	1.0,	1.0
House10,	Chest_Freezer,	8,	3,	2.5,	1.0,	1.0,	1.0
House10,	Chest_Freezer,	8,	3,	3,	1.0,	1.0,	1.0
House10,	Chest_Freezer,	8,	3,	3.5,	1.0,	1.0,	1.0
House10,	Chest_Freezer,	8,	3.5,	1,	1.0,	1.0,	1.0
House10,	Chest_Freezer,	8,	3.5,	1.5,	1.0,	1.0,	1.0
House10,	Chest_Freezer,	8,	3.5,	2,	1.0,	1.0,	1.0
House10,	Chest_Freezer,	8,	3.5,	2.5,	1.0,	1.0,	1.0
House10,	Chest_Freezer,	8,	3.5,	3,	1.0,	1.0,	1.0
House10,	Chest_Freezer,	8,	3.5,	3.5,	1.0,	1.0,	1.0
House16,	Fridge_Freezer_1,	1,	1,	1,	0.61,	0.96,	0.75
House16,	Fridge_Freezer_1,	1,	1,	1.5,	0.91,	0.91,	0.91
House16,	Fridge_Freezer_1,	1,	1,	2,	0.88,	0.65,	0.75
House16,	Fridge_Freezer_1,	1,	1,	2.5,	0.93,	0.57,	0.71
House16,	Fridge_Freezer_1,	1,	1,	3,	1.0,	0.35,	0.52
House16,	Fridge_Freezer_1,	1,	1,	3.5,	1.0,	0.22,	0.36
House16,	Fridge_Freezer_1,	1,	1.5,	1,	0.88,	0.61,	0.72
House16,	Fridge_Freezer_1,	1,	1.5,	1.5,	0.92,	0.48,	0.63
House16,	Fridge_Freezer_1,	1,	1.5,	2,	1.0,	0.35,	0.52
House16,	Fridge_Freezer_1,	1,	1.5,	2.5,	1.0,	0.22,	0.36
House16,	Fridge_Freezer_1,	1,	1.5,	3,	1.0,	0.13,	0.23
House16,	Fridge_Freezer_1,	1,	1.5,	3.5,	1.0,	0.13,	0.23
House16,	Fridge_Freezer_1,	1,	2,	1,	1.0,	0.3,	0.46
House16,	Fridge_Freezer_1,	1,	2,	1.5,	1.0,	0.22,	0.36
House16,	Fridge_Freezer_1,	1,	2,	2,	1.0,	0.13,	0.23
House16,	Fridge_Freezer_1,	1,	2,	2.5,	1.0,	0.13,	0.23
House16,	Fridge_Freezer_1,	1,	2,	3,	1.0,	0.13,	0.23
House16,	Fridge_Freezer_1,	1,	2,	3.5,	1.0,	0.09,	0.17
House16,	Fridge_Freezer_1,	1,	2.5,	1,	1.0,	0.13,	0.23
House16,	Fridge_Freezer_1,	1,	2.5,	1.5,	1.0,	0.13,	0.23
House16,	Fridge_Freezer_1,	1,	2.5,	2,	1.0,	0.13,	0.23
House16,	Fridge_Freezer_1,	1,	2.5,	2.5,	1.0,	0.09,	0.17
House16,	Fridge_Freezer_1,	1,	2.5,	3,	1.0,	0.09,	0.17
House16,	Fridge_Freezer_1,	1,	2.5,	3.5,	1.0,	0.09,	0.17
House16,	Fridge_Freezer_1,	1,	3,	1,	1.0,	0.13,	0.23
House16,	Fridge_Freezer_1,	1,	3,	1.5,	1.0,	0.09,	0.17
House16,	Fridge_Freezer_1,	1,	3,	2,	1.0,	0.09,	0.17
House16,	Fridge_Freezer_1,	1,	3,	2.5,	1.0,	0.09,	0.17
House16,	Fridge_Freezer_1,	1,	3,	3,	1.0,	0.04,	0.08
House16,	Fridge_Freezer_1,	1,	3,	3.5,	1.0,	0.04,	0.08
House16,	Fridge_Freezer_1,	1,	3.5,	1,	1.0,	0.09,	0.17
House16,	Fridge_Freezer_1,	1,	3.5,	1.5,	1.0,	0.04,	0.08
House16,	Fridge_Freezer_1,	1,	3.5,	2,	1.0,	0.04,	0.08
House16,	Fridge_Freezer_1,	1,	3.5,	2.5,	1.0,	0.04,	0.08
House16,	Fridge_Freezer_1,	1,	3.5,	3,	nan,	0.0,	nan
House16,	Fridge_Freezer_1,	1,	3.5,	3.5,	nan,	0.0,	nan
House16,	Fridge_Freezer_1,	2,	1,	1,	0.34,	1.0,	0.51
House16,	Fridge_Freezer_1,	2,	1,	1.5,	0.64,	0.91,	0.75
House16,	Fridge_Freezer_1,	2,	1,	2,	0.7,	0.83,	0.76
House16,	Fridge_Freezer_1,	2,	1,	2.5,	0.7,	0.61,	0.65
House16,	Fridge_Freezer_1,	2,	1,	3,	0.92,	0.48,	0.63
House16,	Fridge_Freezer_1,	2,	1,	3.5,	1.0,	0.48,	0.65
House16,	Fridge_Freezer_1,	2,	1.5,	1,	0.95,	0.83,	0.89
House16,	Fridge_Freezer_1,	2,	1.5,	1.5,	1.0,	0.57,	0.73
House16,	Fridge_Freezer_1,	2,	1.5,	2,	1.0,	0.52,	0.68
House16,	Fridge_Freezer_1,	2,	1.5,	2.5,	1.0,	0.48,	0.65
House16,	Fridge_Freezer_1,	2,	1.5,	3,	1.0,	0.48,	0.65
House16,	Fridge_Freezer_1,	2,	1.5,	3.5,	1.0,	0.43,	0.6
House16,	Fridge_Freezer_1,	2,	2,	1,	1.0,	0.52,	0.68
House16,	Fridge_Freezer_1,	2,	2,	1.5,	1.0,	0.52,	0.68
House16,	Fridge_Freezer_1,	2,	2,	2,	1.0,	0.43,	0.6
House16,	Fridge_Freezer_1,	2,	2,	2.5,	1.0,	0.39,	0.56
House16,	Fridge_Freezer_1,	2,	2,	3,	1.0,	0.35,	0.52
House16,	Fridge_Freezer_1,	2,	2,	3.5,	1.0,	0.26,	0.41
House16,	Fridge_Freezer_1,	2,	2.5,	1,	1.0,	0.43,	0.6
House16,	Fridge_Freezer_1,	2,	2.5,	1.5,	1.0,	0.39,	0.56
House16,	Fridge_Freezer_1,	2,	2.5,	2,	1.0,	0.39,	0.56
House16,	Fridge_Freezer_1,	2,	2.5,	2.5,	1.0,	0.35,	0.52
House16,	Fridge_Freezer_1,	2,	2.5,	3,	1.0,	0.22,	0.36
House16,	Fridge_Freezer_1,	2,	2.5,	3.5,	1.0,	0.17,	0.29
House16,	Fridge_Freezer_1,	2,	3,	1,	1.0,	0.39,	0.56
House16,	Fridge_Freezer_1,	2,	3,	1.5,	1.0,	0.39,	0.56
House16,	Fridge_Freezer_1,	2,	3,	2,	1.0,	0.35,	0.52
House16,	Fridge_Freezer_1,	2,	3,	2.5,	1.0,	0.22,	0.36
House16,	Fridge_Freezer_1,	2,	3,	3,	1.0,	0.17,	0.29
House16,	Fridge_Freezer_1,	2,	3,	3.5,	1.0,	0.17,	0.29
House16,	Fridge_Freezer_1,	2,	3.5,	1,	1.0,	0.35,	0.52
House16,	Fridge_Freezer_1,	2,	3.5,	1.5,	1.0,	0.35,	0.52
House16,	Fridge_Freezer_1,	2,	3.5,	2,	1.0,	0.17,	0.29
House16,	Fridge_Freezer_1,	2,	3.5,	2.5,	1.0,	0.17,	0.29
House16,	Fridge_Freezer_1,	2,	3.5,	3,	1.0,	0.17,	0.29
House16,	Fridge_Freezer_1,	2,	3.5,	3.5,	1.0,	0.17,	0.29
House16,	Fridge_Freezer_1,	3,	1,	1,	0.4,	1.0,	0.57
House16,	Fridge_Freezer_1,	3,	1,	1.5,	0.49,	1.0,	0.66
House16,	Fridge_Freezer_1,	3,	1,	2,	0.62,	0.91,	0.74
House16,	Fridge_Freezer_1,	3,	1,	2.5,	0.72,	0.91,	0.8
House16,	Fridge_Freezer_1,	3,	1,	3,	0.8,	0.87,	0.83
House16,	Fridge_Freezer_1,	3,	1,	3.5,	0.87,	0.87,	0.87
House16,	Fridge_Freezer_1,	3,	1.5,	1,	0.7,	0.91,	0.79
House16,	Fridge_Freezer_1,	3,	1.5,	1.5,	0.75,	0.91,	0.82
House16,	Fridge_Freezer_1,	3,	1.5,	2,	0.74,	0.87,	0.8
House16,	Fridge_Freezer_1,	3,	1.5,	2.5,	0.87,	0.87,	0.87
House16,	Fridge_Freezer_1,	3,	1.5,	3,	0.87,	0.87,	0.87
House16,	Fridge_Freezer_1,	3,	1.5,	3.5,	0.89,	0.74,	0.81
House16,	Fridge_Freezer_1,	3,	2,	1,	0.75,	0.91,	0.82
House16,	Fridge_Freezer_1,	3,	2,	1.5,	0.8,	0.87,	0.83
House16,	Fridge_Freezer_1,	3,	2,	2,	0.87,	0.87,	0.87
House16,	Fridge_Freezer_1,	3,	2,	2.5,	0.95,	0.87,	0.91
House16,	Fridge_Freezer_1,	3,	2,	3,	1.0,	0.7,	0.82
House16,	Fridge_Freezer_1,	3,	2,	3.5,	1.0,	0.43,	0.6
House16,	Fridge_Freezer_1,	3,	2.5,	1,	0.9,	0.78,	0.84
House16,	Fridge_Freezer_1,	3,	2.5,	1.5,	0.9,	0.78,	0.84
House16,	Fridge_Freezer_1,	3,	2.5,	2,	0.94,	0.65,	0.77
House16,	Fridge_Freezer_1,	3,	2.5,	2.5,	1.0,	0.52,	0.68
House16,	Fridge_Freezer_1,	3,	2.5,	3,	1.0,	0.35,	0.52
House16,	Fridge_Freezer_1,	3,	2.5,	3.5,	1.0,	0.35,	0.52
House16,	Fridge_Freezer_1,	3,	3,	1,	0.94,	0.74,	0.83
House16,	Fridge_Freezer_1,	3,	3,	1.5,	1.0,	0.61,	0.76
House16,	Fridge_Freezer_1,	3,	3,	2,	1.0,	0.43,	0.6
House16,	Fridge_Freezer_1,	3,	3,	2.5,	1.0,	0.35,	0.52
House16,	Fridge_Freezer_1,	3,	3,	3,	1.0,	0.35,	0.52
House16,	Fridge_Freezer_1,	3,	3,	3.5,	1.0,	0.35,	0.52
House16,	Fridge_Freezer_1,	3,	3.5,	1,	1.0,	0.52,	0.68
House16,	Fridge_Freezer_1,	3,	3.5,	1.5,	1.0,	0.35,	0.52
House16,	Fridge_Freezer_1,	3,	3.5,	2,	1.0,	0.35,	0.52
House16,	Fridge_Freezer_1,	3,	3.5,	2.5,	1.0,	0.35,	0.52
House16,	Fridge_Freezer_1,	3,	3.5,	3,	1.0,	0.35,	0.52
House16,	Fridge_Freezer_1,	3,	3.5,	3.5,	1.0,	0.35,	0.52
House16,	Fridge_Freezer_1,	4,	1,	1,	0.35,	1.0,	0.52
House16,	Fridge_Freezer_1,	4,	1,	1.5,	0.47,	1.0,	0.64
House16,	Fridge_Freezer_1,	4,	1,	2,	0.59,	0.96,	0.73
House16,	Fridge_Freezer_1,	4,	1,	2.5,	0.85,	0.96,	0.9
House16,	Fridge_Freezer_1,	4,	1,	3,	0.88,	0.91,	0.89
House16,	Fridge_Freezer_1,	4,	1,	3.5,	0.91,	0.91,	0.91
House16,	Fridge_Freezer_1,	4,	1.5,	1,	0.55,	0.96,	0.7
House16,	Fridge_Freezer_1,	4,	1.5,	1.5,	0.73,	0.96,	0.83
House16,	Fridge_Freezer_1,	4,	1.5,	2,	0.88,	0.96,	0.92
House16,	Fridge_Freezer_1,	4,	1.5,	2.5,	0.91,	0.91,	0.91
House16,	Fridge_Freezer_1,	4,	1.5,	3,	0.91,	0.91,	0.91
House16,	Fridge_Freezer_1,	4,	1.5,	3.5,	0.95,	0.91,	0.93
House16,	Fridge_Freezer_1,	4,	2,	1,	0.73,	0.96,	0.83
House16,	Fridge_Freezer_1,	4,	2,	1.5,	0.88,	0.96,	0.92
House16,	Fridge_Freezer_1,	4,	2,	2,	0.95,	0.91,	0.93
House16,	Fridge_Freezer_1,	4,	2,	2.5,	0.95,	0.91,	0.93
House16,	Fridge_Freezer_1,	4,	2,	3,	0.95,	0.87,	0.91
House16,	Fridge_Freezer_1,	4,	2,	3.5,	0.95,	0.87,	0.91
House16,	Fridge_Freezer_1,	4,	2.5,	1,	0.96,	0.96,	0.96
House16,	Fridge_Freezer_1,	4,	2.5,	1.5,	0.95,	0.87,	0.91
House16,	Fridge_Freezer_1,	4,	2.5,	2,	0.95,	0.87,	0.91
House16,	Fridge_Freezer_1,	4,	2.5,	2.5,	0.95,	0.87,	0.91
House16,	Fridge_Freezer_1,	4,	2.5,	3,	0.95,	0.87,	0.91
House16,	Fridge_Freezer_1,	4,	2.5,	3.5,	0.95,	0.87,	0.91
House16,	Fridge_Freezer_1,	4,	3,	1,	0.95,	0.87,	0.91
House16,	Fridge_Freezer_1,	4,	3,	1.5,	0.95,	0.87,	0.91
House16,	Fridge_Freezer_1,	4,	3,	2,	0.95,	0.87,	0.91
House16,	Fridge_Freezer_1,	4,	3,	2.5,	0.95,	0.87,	0.91
House16,	Fridge_Freezer_1,	4,	3,	3,	0.95,	0.87,	0.91
House16,	Fridge_Freezer_1,	4,	3,	3.5,	1.0,	0.83,	0.91
House16,	Fridge_Freezer_1,	4,	3.5,	1,	0.95,	0.87,	0.91
House16,	Fridge_Freezer_1,	4,	3.5,	1.5,	0.95,	0.87,	0.91
House16,	Fridge_Freezer_1,	4,	3.5,	2,	0.95,	0.87,	0.91
House16,	Fridge_Freezer_1,	4,	3.5,	2.5,	0.95,	0.87,	0.91
House16,	Fridge_Freezer_1,	4,	3.5,	3,	1.0,	0.83,	0.91
House16,	Fridge_Freezer_1,	4,	3.5,	3.5,	1.0,	0.78,	0.88
House16,	Fridge_Freezer_1,	6,	1,	1,	0.28,	1.0,	0.44
House16,	Fridge_Freezer_1,	6,	1,	1.5,	0.32,	0.96,	0.48
House16,	Fridge_Freezer_1,	6,	1,	2,	0.42,	0.96,	0.58
House16,	Fridge_Freezer_1,	6,	1,	2.5,	0.43,	0.91,	0.58
House16,	Fridge_Freezer_1,	6,	1,	3,	0.43,	0.91,	0.58
House16,	Fridge_Freezer_1,	6,	1,	3.5,	0.43,	0.91,	0.58
House16,	Fridge_Freezer_1,	6,	1.5,	1,	0.47,	0.91,	0.62
House16,	Fridge_Freezer_1,	6,	1.5,	1.5,	0.54,	0.87,	0.67
House16,	Fridge_Freezer_1,	6,	1.5,	2,	0.56,	0.87,	0.68
House16,	Fridge_Freezer_1,	6,	1.5,	2.5,	0.56,	0.87,	0.68
House16,	Fridge_Freezer_1,	6,	1.5,	3,	0.57,	0.87,	0.69
House16,	Fridge_Freezer_1,	6,	1.5,	3.5,	0.59,	0.87,	0.7
House16,	Fridge_Freezer_1,	6,	2,	1,	0.54,	0.87,	0.67
House16,	Fridge_Freezer_1,	6,	2,	1.5,	0.56,	0.87,	0.68
House16,	Fridge_Freezer_1,	6,	2,	2,	0.56,	0.87,	0.68
House16,	Fridge_Freezer_1,	6,	2,	2.5,	0.57,	0.87,	0.69
House16,	Fridge_Freezer_1,	6,	2,	3,	0.63,	0.87,	0.73
House16,	Fridge_Freezer_1,	6,	2,	3.5,	0.66,	0.83,	0.74
House16,	Fridge_Freezer_1,	6,	2.5,	1,	0.56,	0.87,	0.68
House16,	Fridge_Freezer_1,	6,	2.5,	1.5,	0.57,	0.87,	0.69
House16,	Fridge_Freezer_1,	6,	2.5,	2,	0.63,	0.87,	0.73
House16,	Fridge_Freezer_1,	6,	2.5,	2.5,	0.66,	0.83,	0.74
House16,	Fridge_Freezer_1,	6,	2.5,	3,	0.64,	0.78,	0.7
House16,	Fridge_Freezer_1,	6,	2.5,	3.5,	0.72,	0.78,	0.75
House16,	Fridge_Freezer_1,	6,	3,	1,	0.61,	0.83,	0.7
House16,	Fridge_Freezer_1,	6,	3,	1.5,	0.66,	0.83,	0.74
House16,	Fridge_Freezer_1,	6,	3,	2,	0.68,	0.83,	0.75
House16,	Fridge_Freezer_1,	6,	3,	2.5,	0.67,	0.78,	0.72
House16,	Fridge_Freezer_1,	6,	3,	3,	0.74,	0.74,	0.74
House16,	Fridge_Freezer_1,	6,	3,	3.5,	0.71,	0.65,	0.68
House16,	Fridge_Freezer_1,	6,	3.5,	1,	0.68,	0.83,	0.75
House16,	Fridge_Freezer_1,	6,	3.5,	1.5,	0.68,	0.83,	0.75
House16,	Fridge_Freezer_1,	6,	3.5,	2,	0.69,	0.78,	0.73
House16,	Fridge_Freezer_1,	6,	3.5,	2.5,	0.73,	0.7,	0.71
House16,	Fridge_Freezer_1,	6,	3.5,	3,	0.72,	0.57,	0.64
House16,	Fridge_Freezer_1,	6,	3.5,	3.5,	0.73,	0.48,	0.58
House16,	Fridge_Freezer_1,	8,	1,	1,	0.27,	1.0,	0.43
House16,	Fridge_Freezer_1,	8,	1,	1.5,	0.34,	1.0,	0.51
House16,	Fridge_Freezer_1,	8,	1,	2,	0.43,	1.0,	0.6
House16,	Fridge_Freezer_1,	8,	1,	2.5,	0.5,	1.0,	0.67
House16,	Fridge_Freezer_1,	8,	1,	3,	0.57,	1.0,	0.73
House16,	Fridge_Freezer_1,	8,	1,	3.5,	0.64,	1.0,	0.78
House16,	Fridge_Freezer_1,	8,	1.5,	1,	0.34,	1.0,	0.51
House16,	Fridge_Freezer_1,	8,	1.5,	1.5,	0.47,	1.0,	0.64
House16,	Fridge_Freezer_1,	8,	1.5,	2,	0.52,	1.0,	0.68
House16,	Fridge_Freezer_1,	8,	1.5,	2.5,	0.58,	0.96,	0.72
House16,	Fridge_Freezer_1,	8,	1.5,	3,	0.66,	0.91,	0.77
House16,	Fridge_Freezer_1,	8,	1.5,	3.5,	0.74,	0.87,	0.8
House16,	Fridge_Freezer_1,	8,	2,	1,	0.43,	1.0,	0.6
House16,	Fridge_Freezer_1,	8,	2,	1.5,	0.53,	1.0,	0.69
House16,	Fridge_Freezer_1,	8,	2,	2,	0.58,	0.96,	0.72
House16,	Fridge_Freezer_1,	8,	2,	2.5,	0.69,	0.87,	0.77
House16,	Fridge_Freezer_1,	8,	2,	3,	0.78,	0.61,	0.68
House16,	Fridge_Freezer_1,	8,	2,	3.5,	0.8,	0.52,	0.63
House16,	Fridge_Freezer_1,	8,	2.5,	1,	0.51,	0.96,	0.67
House16,	Fridge_Freezer_1,	8,	2.5,	1.5,	0.61,	0.87,	0.72
House16,	Fridge_Freezer_1,	8,	2.5,	2,	0.62,	0.57,	0.59
House16,	Fridge_Freezer_1,	8,	2.5,	2.5,	0.71,	0.52,	0.6
House16,	Fridge_Freezer_1,	8,	2.5,	3,	0.77,	0.43,	0.55
House16,	Fridge_Freezer_1,	8,	2.5,	3.5,	0.67,	0.26,	0.37
House16,	Fridge_Freezer_1,	8,	3,	1,	0.59,	0.83,	0.69
House16,	Fridge_Freezer_1,	8,	3,	1.5,	0.6,	0.52,	0.56
House16,	Fridge_Freezer_1,	8,	3,	2,	0.73,	0.48,	0.58
House16,	Fridge_Freezer_1,	8,	3,	2.5,	0.75,	0.39,	0.51
House16,	Fridge_Freezer_1,	8,	3,	3,	0.63,	0.22,	0.33
House16,	Fridge_Freezer_1,	8,	3,	3.5,	0.5,	0.09,	0.15
House16,	Fridge_Freezer_1,	8,	3.5,	1,	0.58,	0.48,	0.53
House16,	Fridge_Freezer_1,	8,	3.5,	1.5,	0.71,	0.43,	0.54
House16,	Fridge_Freezer_1,	8,	3.5,	2,	0.75,	0.39,	0.51
House16,	Fridge_Freezer_1,	8,	3.5,	2.5,	0.67,	0.26,	0.37
House16,	Fridge_Freezer_1,	8,	3.5,	3,	0.5,	0.09,	0.15
House16,	Fridge_Freezer_1,	8,	3.5,	3.5,	1.0,	0.09,	0.17
House18,	Fridge_Freezer,	1,	1,	1,	1.0,	0.67,	0.8
House18,	Fridge_Freezer,	1,	1,	1.5,	1.0,	0.33,	0.5
House18,	Fridge_Freezer,	1,	1,	2,	nan,	0.0,	nan
House18,	Fridge_Freezer,	1,	1,	2.5,	nan,	0.0,	nan
House18,	Fridge_Freezer,	1,	1,	3,	nan,	0.0,	nan
House18,	Fridge_Freezer,	1,	1,	3.5,	nan,	0.0,	nan
House18,	Fridge_Freezer,	1,	1.5,	1,	nan,	0.0,	nan
House18,	Fridge_Freezer,	1,	1.5,	1.5,	nan,	0.0,	nan
House18,	Fridge_Freezer,	1,	1.5,	2,	nan,	0.0,	nan
House18,	Fridge_Freezer,	1,	1.5,	2.5,	nan,	0.0,	nan
House18,	Fridge_Freezer,	1,	1.5,	3,	nan,	0.0,	nan
House18,	Fridge_Freezer,	1,	1.5,	3.5,	nan,	0.0,	nan
House18,	Fridge_Freezer,	1,	2,	1,	nan,	0.0,	nan
House18,	Fridge_Freezer,	1,	2,	1.5,	nan,	0.0,	nan
House18,	Fridge_Freezer,	1,	2,	2,	nan,	0.0,	nan
House18,	Fridge_Freezer,	1,	2,	2.5,	nan,	0.0,	nan
House18,	Fridge_Freezer,	1,	2,	3,	nan,	0.0,	nan
House18,	Fridge_Freezer,	1,	2,	3.5,	nan,	0.0,	nan
House18,	Fridge_Freezer,	1,	2.5,	1,	nan,	0.0,	nan
House18,	Fridge_Freezer,	1,	2.5,	1.5,	nan,	0.0,	nan
House18,	Fridge_Freezer,	1,	2.5,	2,	nan,	0.0,	nan
House18,	Fridge_Freezer,	1,	2.5,	2.5,	nan,	0.0,	nan
House18,	Fridge_Freezer,	1,	2.5,	3,	nan,	0.0,	nan
House18,	Fridge_Freezer,	1,	2.5,	3.5,	nan,	0.0,	nan
House18,	Fridge_Freezer,	1,	3,	1,	nan,	0.0,	nan
House18,	Fridge_Freezer,	1,	3,	1.5,	nan,	0.0,	nan
House18,	Fridge_Freezer,	1,	3,	2,	nan,	0.0,	nan
House18,	Fridge_Freezer,	1,	3,	2.5,	nan,	0.0,	nan
House18,	Fridge_Freezer,	1,	3,	3,	nan,	0.0,	nan
House18,	Fridge_Freezer,	1,	3,	3.5,	nan,	0.0,	nan
House18,	Fridge_Freezer,	1,	3.5,	1,	nan,	0.0,	nan
House18,	Fridge_Freezer,	1,	3.5,	1.5,	nan,	0.0,	nan
House18,	Fridge_Freezer,	1,	3.5,	2,	nan,	0.0,	nan
House18,	Fridge_Freezer,	1,	3.5,	2.5,	nan,	0.0,	nan
House18,	Fridge_Freezer,	1,	3.5,	3,	nan,	0.0,	nan
House18,	Fridge_Freezer,	1,	3.5,	3.5,	nan,	0.0,	nan
House18,	Fridge_Freezer,	2,	1,	1,	0.19,	1.0,	0.32
House18,	Fridge_Freezer,	2,	1,	1.5,	0.4,	0.67,	0.5
House18,	Fridge_Freezer,	2,	1,	2,	1.0,	0.67,	0.8
House18,	Fridge_Freezer,	2,	1,	2.5,	1.0,	0.67,	0.8
House18,	Fridge_Freezer,	2,	1,	3,	1.0,	0.33,	0.5
House18,	Fridge_Freezer,	2,	1,	3.5,	nan,	0.0,	nan
House18,	Fridge_Freezer,	2,	1.5,	1,	0.67,	0.67,	0.67
House18,	Fridge_Freezer,	2,	1.5,	1.5,	1.0,	0.67,	0.8
House18,	Fridge_Freezer,	2,	1.5,	2,	1.0,	0.33,	0.5
House18,	Fridge_Freezer,	2,	1.5,	2.5,	nan,	0.0,	nan
House18,	Fridge_Freezer,	2,	1.5,	3,	nan,	0.0,	nan
House18,	Fridge_Freezer,	2,	1.5,	3.5,	nan,	0.0,	nan
House18,	Fridge_Freezer,	2,	2,	1,	1.0,	0.33,	0.5
House18,	Fridge_Freezer,	2,	2,	1.5,	1.0,	0.33,	0.5
House18,	Fridge_Freezer,	2,	2,	2,	nan,	0.0,	nan
House18,	Fridge_Freezer,	2,	2,	2.5,	nan,	0.0,	nan
House18,	Fridge_Freezer,	2,	2,	3,	nan,	0.0,	nan
House18,	Fridge_Freezer,	2,	2,	3.5,	nan,	0.0,	nan
House18,	Fridge_Freezer,	2,	2.5,	1,	nan,	0.0,	nan
House18,	Fridge_Freezer,	2,	2.5,	1.5,	nan,	0.0,	nan
House18,	Fridge_Freezer,	2,	2.5,	2,	nan,	0.0,	nan
House18,	Fridge_Freezer,	2,	2.5,	2.5,	nan,	0.0,	nan
House18,	Fridge_Freezer,	2,	2.5,	3,	nan,	0.0,	nan
House18,	Fridge_Freezer,	2,	2.5,	3.5,	nan,	0.0,	nan
House18,	Fridge_Freezer,	2,	3,	1,	nan,	0.0,	nan
House18,	Fridge_Freezer,	2,	3,	1.5,	nan,	0.0,	nan
House18,	Fridge_Freezer,	2,	3,	2,	nan,	0.0,	nan
House18,	Fridge_Freezer,	2,	3,	2.5,	nan,	0.0,	nan
House18,	Fridge_Freezer,	2,	3,	3,	nan,	0.0,	nan
House18,	Fridge_Freezer,	2,	3,	3.5,	nan,	0.0,	nan
House18,	Fridge_Freezer,	2,	3.5,	1,	nan,	0.0,	nan
House18,	Fridge_Freezer,	2,	3.5,	1.5,	nan,	0.0,	nan
House18,	Fridge_Freezer,	2,	3.5,	2,	nan,	0.0,	nan
House18,	Fridge_Freezer,	2,	3.5,	2.5,	nan,	0.0,	nan
House18,	Fridge_Freezer,	2,	3.5,	3,	nan,	0.0,	nan
House18,	Fridge_Freezer,	2,	3.5,	3.5,	nan,	0.0,	nan
House18,	Fridge_Freezer,	3,	1,	1,	0.1,	1.0,	0.18
House18,	Fridge_Freezer,	3,	1,	1.5,	0.33,	1.0,	0.5
House18,	Fridge_Freezer,	3,	1,	2,	0.38,	1.0,	0.55
House18,	Fridge_Freezer,	3,	1,	2.5,	0.4,	0.67,	0.5
House18,	Fridge_Freezer,	3,	1,	3,	0.5,	0.67,	0.57
House18,	Fridge_Freezer,	3,	1,	3.5,	0.67,	0.67,	0.67
House18,	Fridge_Freezer,	3,	1.5,	1,	0.43,	1.0,	0.6
House18,	Fridge_Freezer,	3,	1.5,	1.5,	0.4,	0.67,	0.5
House18,	Fridge_Freezer,	3,	1.5,	2,	0.5,	0.67,	0.57
House18,	Fridge_Freezer,	3,	1.5,	2.5,	0.67,	0.67,	0.67
House18,	Fridge_Freezer,	3,	1.5,	3,	0.5,	0.33,	0.4
House18,	Fridge_Freezer,	3,	1.5,	3.5,	0.5,	0.33,	0.4
House18,	Fridge_Freezer,	3,	2,	1,	0.5,	0.67,	0.57
House18,	Fridge_Freezer,	3,	2,	1.5,	0.67,	0.67,	0.67
House18,	Fridge_Freezer,	3,	2,	2,	0.5,	0.33,	0.4
House18,	Fridge_Freezer,	3,	2,	2.5,	1.0,	0.33,	0.5
House18,	Fridge_Freezer,	3,	2,	3,	1.0,	0.33,	0.5
House18,	Fridge_Freezer,	3,	2,	3.5,	1.0,	0.33,	0.5
House18,	Fridge_Freezer,	3,	2.5,	1,	0.5,	0.33,	0.4
House18,	Fridge_Freezer,	3,	2.5,	1.5,	1.0,	0.33,	0.5
House18,	Fridge_Freezer,	3,	2.5,	2,	1.0,	0.33,	0.5
House18,	Fridge_Freezer,	3,	2.5,	2.5,	1.0,	0.33,	0.5
House18,	Fridge_Freezer,	3,	2.5,	3,	1.0,	0.33,	0.5
House18,	Fridge_Freezer,	3,	2.5,	3.5,	1.0,	0.33,	0.5
House18,	Fridge_Freezer,	3,	3,	1,	1.0,	0.33,	0.5
House18,	Fridge_Freezer,	3,	3,	1.5,	1.0,	0.33,	0.5
House18,	Fridge_Freezer,	3,	3,	2,	1.0,	0.33,	0.5
House18,	Fridge_Freezer,	3,	3,	2.5,	1.0,	0.33,	0.5
House18,	Fridge_Freezer,	3,	3,	3,	1.0,	0.33,	0.5
House18,	Fridge_Freezer,	3,	3,	3.5,	1.0,	0.33,	0.5
House18,	Fridge_Freezer,	3,	3.5,	1,	1.0,	0.33,	0.5
House18,	Fridge_Freezer,	3,	3.5,	1.5,	1.0,	0.33,	0.5
House18,	Fridge_Freezer,	3,	3.5,	2,	1.0,	0.33,	0.5
House18,	Fridge_Freezer,	3,	3.5,	2.5,	1.0,	0.33,	0.5
House18,	Fridge_Freezer,	3,	3.5,	3,	nan,	0.0,	nan
House18,	Fridge_Freezer,	3,	3.5,	3.5,	nan,	0.0,	nan
House18,	Fridge_Freezer,	4,	1,	1,	0.13,	1.0,	0.23
House18,	Fridge_Freezer,	4,	1,	1.5,	0.43,	1.0,	0.6
House18,	Fridge_Freezer,	4,	1,	2,	1.0,	1.0,	1.0
House18,	Fridge_Freezer,	4,	1,	2.5,	1.0,	0.67,	0.8
House18,	Fridge_Freezer,	4,	1,	3,	1.0,	0.67,	0.8
House18,	Fridge_Freezer,	4,	1,	3.5,	1.0,	0.67,	0.8
House18,	Fridge_Freezer,	4,	1.5,	1,	0.75,	1.0,	0.86
House18,	Fridge_Freezer,	4,	1.5,	1.5,	1.0,	1.0,	1.0
House18,	Fridge_Freezer,	4,	1.5,	2,	1.0,	0.67,	0.8
House18,	Fridge_Freezer,	4,	1.5,	2.5,	1.0,	0.67,	0.8
House18,	Fridge_Freezer,	4,	1.5,	3,	1.0,	0.33,	0.5
House18,	Fridge_Freezer,	4,	1.5,	3.5,	1.0,	0.33,	0.5
House18,	Fridge_Freezer,	4,	2,	1,	1.0,	1.0,	1.0
House18,	Fridge_Freezer,	4,	2,	1.5,	1.0,	0.67,	0.8
House18,	Fridge_Freezer,	4,	2,	2,	1.0,	0.67,	0.8
House18,	Fridge_Freezer,	4,	2,	2.5,	1.0,	0.33,	0.5
House18,	Fridge_Freezer,	4,	2,	3,	1.0,	0.33,	0.5
House18,	Fridge_Freezer,	4,	2,	3.5,	1.0,	0.33,	0.5
House18,	Fridge_Freezer,	4,	2.5,	1,	1.0,	0.67,	0.8
House18,	Fridge_Freezer,	4,	2.5,	1.5,	1.0,	0.67,	0.8
House18,	Fridge_Freezer,	4,	2.5,	2,	1.0,	0.33,	0.5
House18,	Fridge_Freezer,	4,	2.5,	2.5,	1.0,	0.33,	0.5
House18,	Fridge_Freezer,	4,	2.5,	3,	1.0,	0.33,	0.5
House18,	Fridge_Freezer,	4,	2.5,	3.5,	nan,	0.0,	nan
House18,	Fridge_Freezer,	4,	3,	1,	1.0,	0.67,	0.8
House18,	Fridge_Freezer,	4,	3,	1.5,	1.0,	0.33,	0.5
House18,	Fridge_Freezer,	4,	3,	2,	1.0,	0.33,	0.5
House18,	Fridge_Freezer,	4,	3,	2.5,	1.0,	0.33,	0.5
House18,	Fridge_Freezer,	4,	3,	3,	nan,	0.0,	nan
House18,	Fridge_Freezer,	4,	3,	3.5,	nan,	0.0,	nan
House18,	Fridge_Freezer,	4,	3.5,	1,	1.0,	0.33,	0.5
House18,	Fridge_Freezer,	4,	3.5,	1.5,	1.0,	0.33,	0.5
House18,	Fridge_Freezer,	4,	3.5,	2,	nan,	0.0,	nan
House18,	Fridge_Freezer,	4,	3.5,	2.5,	nan,	0.0,	nan
House18,	Fridge_Freezer,	4,	3.5,	3,	nan,	0.0,	nan
House18,	Fridge_Freezer,	4,	3.5,	3.5,	nan,	0.0,	nan
House18,	Fridge_Freezer,	6,	1,	1,	0.04,	1.0,	0.08
House18,	Fridge_Freezer,	6,	1,	1.5,	0.17,	1.0,	0.29
House18,	Fridge_Freezer,	6,	1,	2,	0.23,	1.0,	0.37
House18,	Fridge_Freezer,	6,	1,	2.5,	0.25,	1.0,	0.4
House18,	Fridge_Freezer,	6,	1,	3,	0.38,	1.0,	0.55
House18,	Fridge_Freezer,	6,	1,	3.5,	0.33,	0.67,	0.44
House18,	Fridge_Freezer,	6,	1.5,	1,	0.25,	1.0,	0.4
House18,	Fridge_Freezer,	6,	1.5,	1.5,	0.33,	1.0,	0.5
House18,	Fridge_Freezer,	6,	1.5,	2,	0.38,	1.0,	0.55
House18,	Fridge_Freezer,	6,	1.5,	2.5,	0.33,	0.67,	0.44
House18,	Fridge_Freezer,	6,	1.5,	3,	0.4,	0.67,	0.5
House18,	Fridge_Freezer,	6,	1.5,	3.5,	0.25,	0.33,	0.28
House18,	Fridge_Freezer,	6,	2,	1,	0.38,	1.0,	0.55
House18,	Fridge_Freezer,	6,	2,	1.5,	0.29,	0.67,	0.4
House18,	Fridge_Freezer,	6,	2,	2,	0.4,	0.67,	0.5
House18,	Fridge_Freezer,	6,	2,	2.5,	0.25,	0.33,	0.28
House18,	Fridge_Freezer,	6,	2,	3,	0.25,	0.33,	0.28
House18,	Fridge_Freezer,	6,	2,	3.5,	0.25,	0.33,	0.28
House18,	Fridge_Freezer,	6,	2.5,	1,	0.4,	0.67,	0.5
House18,	Fridge_Freezer,	6,	2.5,	1.5,	0.4,	0.67,	0.5
House18,	Fridge_Freezer,	6,	2.5,	2,	0.25,	0.33,	0.28
House18,	Fridge_Freezer,	6,	2.5,	2.5,	0.25,	0.33,	0.28
House18,	Fridge_Freezer,	6,	2.5,	3,	0.0,	0.0,	nan
House18,	Fridge_Freezer,	6,	2.5,	3.5,	0.0,	0.0,	nan
House18,	Fridge_Freezer,	6,	3,	1,	0.25,	0.33,	0.28
House18,	Fridge_Freezer,	6,	3,	1.5,	0.25,	0.33,	0.28
House18,	Fridge_Freezer,	6,	3,	2,	0.0,	0.0,	nan
House18,	Fridge_Freezer,	6,	3,	2.5,	0.0,	0.0,	nan
House18,	Fridge_Freezer,	6,	3,	3,	0.0,	0.0,	nan
House18,	Fridge_Freezer,	6,	3,	3.5,	0.0,	0.0,	nan
House18,	Fridge_Freezer,	6,	3.5,	1,	0.0,	0.0,	nan
House18,	Fridge_Freezer,	6,	3.5,	1.5,	0.0,	0.0,	nan
House18,	Fridge_Freezer,	6,	3.5,	2,	0.0,	0.0,	nan
House18,	Fridge_Freezer,	6,	3.5,	2.5,	0.0,	0.0,	nan
House18,	Fridge_Freezer,	6,	3.5,	3,	0.0,	0.0,	nan
House18,	Fridge_Freezer,	6,	3.5,	3.5,	0.0,	0.0,	nan
House18,	Fridge_Freezer,	8,	1,	1,	0.05,	1.0,	0.1
House18,	Fridge_Freezer,	8,	1,	1.5,	0.07,	1.0,	0.13
House18,	Fridge_Freezer,	8,	1,	2,	0.12,	1.0,	0.21
House18,	Fridge_Freezer,	8,	1,	2.5,	0.3,	1.0,	0.46
House18,	Fridge_Freezer,	8,	1,	3,	0.5,	1.0,	0.67
House18,	Fridge_Freezer,	8,	1,	3.5,	0.6,	1.0,	0.75
House18,	Fridge_Freezer,	8,	1.5,	1,	0.23,	1.0,	0.37
House18,	Fridge_Freezer,	8,	1.5,	1.5,	0.33,	1.0,	0.5
House18,	Fridge_Freezer,	8,	1.5,	2,	0.5,	1.0,	0.67
House18,	Fridge_Freezer,	8,	1.5,	2.5,	0.75,	1.0,	0.86
House18,	Fridge_Freezer,	8,	1.5,	3,	0.75,	1.0,	0.86
House18,	Fridge_Freezer,	8,	1.5,	3.5,	0.67,	0.67,	0.67
House18,	Fridge_Freezer,	8,	2,	1,	0.43,	1.0,	0.6
House18,	Fridge_Freezer,	8,	2,	1.5,	0.75,	1.0,	0.86
House18,	Fridge_Freezer,	8,	2,	2,	0.75,	1.0,	0.86
House18,	Fridge_Freezer,	8,	2,	2.5,	0.67,	0.67,	0.67
House18,	Fridge_Freezer,	8,	2,	3,	0.67,	0.67,	0.67
House18,	Fridge_Freezer,	8,	2,	3.5,	0.67,	0.67,	0.67
House18,	Fridge_Freezer,	8,	2.5,	1,	0.75,	1.0,	0.86
House18,	Fridge_Freezer,	8,	2.5,	1.5,	0.67,	0.67,	0.67
House18,	Fridge_Freezer,	8,	2.5,	2,	0.67,	0.67,	0.67
House18,	Fridge_Freezer,	8,	2.5,	2.5,	0.67,	0.67,	0.67
House18,	Fridge_Freezer,	8,	2.5,	3,	0.67,	0.67,	0.67
House18,	Fridge_Freezer,	8,	2.5,	3.5,	0.67,	0.67,	0.67
House18,	Fridge_Freezer,	8,	3,	1,	0.67,	0.67,	0.67
House18,	Fridge_Freezer,	8,	3,	1.5,	0.67,	0.67,	0.67
House18,	Fridge_Freezer,	8,	3,	2,	0.67,	0.67,	0.67
House18,	Fridge_Freezer,	8,	3,	2.5,	0.67,	0.67,	0.67
House18,	Fridge_Freezer,	8,	3,	3,	0.67,	0.67,	0.67
House18,	Fridge_Freezer,	8,	3,	3.5,	0.67,	0.67,	0.67
House18,	Fridge_Freezer,	8,	3.5,	1,	0.67,	0.67,	0.67
House18,	Fridge_Freezer,	8,	3.5,	1.5,	0.67,	0.67,	0.67
House18,	Fridge_Freezer,	8,	3.5,	2,	0.67,	0.67,	0.67
House18,	Fridge_Freezer,	8,	3.5,	2.5,	0.67,	0.67,	0.67
House18,	Fridge_Freezer,	8,	3.5,	3,	0.67,	0.67,	0.67
House18,	Fridge_Freezer,	8,	3.5,	3.5,	0.67,	0.67,	0.67
House20,	Freezer,	1,	1,	1,	0.32,	0.9,	0.47
House20,	Freezer,	1,	1,	1.5,	0.5,	0.6,	0.55
House20,	Freezer,	1,	1,	2,	0.44,	0.4,	0.42
House20,	Freezer,	1,	1,	2.5,	0.4,	0.2,	0.27
House20,	Freezer,	1,	1,	3,	0.5,	0.2,	0.29
House20,	Freezer,	1,	1,	3.5,	0.5,	0.1,	0.17
House20,	Freezer,	1,	1.5,	1,	0.4,	0.2,	0.27
House20,	Freezer,	1,	1.5,	1.5,	0.5,	0.2,	0.29
House20,	Freezer,	1,	1.5,	2,	0.33,	0.1,	0.15
House20,	Freezer,	1,	1.5,	2.5,	0.5,	0.1,	0.17
House20,	Freezer,	1,	1.5,	3,	0.5,	0.1,	0.17
House20,	Freezer,	1,	1.5,	3.5,	0.5,	0.1,	0.17
House20,	Freezer,	1,	2,	1,	0.5,	0.1,	0.17
House20,	Freezer,	1,	2,	1.5,	0.5,	0.1,	0.17
House20,	Freezer,	1,	2,	2,	0.5,	0.1,	0.17
House20,	Freezer,	1,	2,	2.5,	0.5,	0.1,	0.17
House20,	Freezer,	1,	2,	3,	0.5,	0.1,	0.17
House20,	Freezer,	1,	2,	3.5,	0.5,	0.1,	0.17
House20,	Freezer,	1,	2.5,	1,	0.5,	0.1,	0.17
House20,	Freezer,	1,	2.5,	1.5,	0.5,	0.1,	0.17
House20,	Freezer,	1,	2.5,	2,	0.5,	0.1,	0.17
House20,	Freezer,	1,	2.5,	2.5,	0.5,	0.1,	0.17
House20,	Freezer,	1,	2.5,	3,	0.5,	0.1,	0.17
House20,	Freezer,	1,	2.5,	3.5,	0.5,	0.1,	0.17
House20,	Freezer,	1,	3,	1,	0.5,	0.1,	0.17
House20,	Freezer,	1,	3,	1.5,	0.5,	0.1,	0.17
House20,	Freezer,	1,	3,	2,	0.5,	0.1,	0.17
House20,	Freezer,	1,	3,	2.5,	0.5,	0.1,	0.17
House20,	Freezer,	1,	3,	3,	0.5,	0.1,	0.17
House20,	Freezer,	1,	3,	3.5,	0.5,	0.1,	0.17
House20,	Freezer,	1,	3.5,	1,	0.5,	0.1,	0.17
House20,	Freezer,	1,	3.5,	1.5,	0.5,	0.1,	0.17
House20,	Freezer,	1,	3.5,	2,	0.5,	0.1,	0.17
House20,	Freezer,	1,	3.5,	2.5,	0.5,	0.1,	0.17
House20,	Freezer,	1,	3.5,	3,	0.5,	0.1,	0.17
House20,	Freezer,	1,	3.5,	3.5,	0.5,	0.1,	0.17
House20,	Freezer,	2,	1,	1,	0.38,	1.0,	0.55
House20,	Freezer,	2,	1,	1.5,	0.67,	0.8,	0.73
House20,	Freezer,	2,	1,	2,	0.67,	0.6,	0.63
House20,	Freezer,	2,	1,	2.5,	0.67,	0.4,	0.5
House20,	Freezer,	2,	1,	3,	0.67,	0.4,	0.5
House20,	Freezer,	2,	1,	3.5,	0.75,	0.3,	0.43
House20,	Freezer,	2,	1.5,	1,	0.63,	0.5,	0.56
House20,	Freezer,	2,	1.5,	1.5,	0.67,	0.4,	0.5
House20,	Freezer,	2,	1.5,	2,	0.67,	0.4,	0.5
House20,	Freezer,	2,	1.5,	2.5,	0.8,	0.4,	0.53
House20,	Freezer,	2,	1.5,	3,	0.67,	0.2,	0.31
House20,	Freezer,	2,	1.5,	3.5,	0.67,	0.2,	0.31
House20,	Freezer,	2,	2,	1,	0.67,	0.4,	0.5
House20,	Freezer,	2,	2,	1.5,	0.6,	0.3,	0.4
House20,	Freezer,	2,	2,	2,	0.67,	0.2,	0.31
House20,	Freezer,	2,	2,	2.5,	0.67,	0.2,	0.31
House20,	Freezer,	2,	2,	3,	0.67,	0.2,	0.31
House20,	Freezer,	2,	2,	3.5,	0.67,	0.2,	0.31
House20,	Freezer,	2,	2.5,	1,	0.75,	0.3,	0.43
House20,	Freezer,	2,	2.5,	1.5,	0.67,	0.2,	0.31
House20,	Freezer,	2,	2.5,	2,	0.67,	0.2,	0.31
House20,	Freezer,	2,	2.5,	2.5,	0.67,	0.2,	0.31
House20,	Freezer,	2,	2.5,	3,	0.67,	0.2,	0.31
House20,	Freezer,	2,	2.5,	3.5,	1.0,	0.2,	0.33
House20,	Freezer,	2,	3,	1,	0.67,	0.2,	0.31
House20,	Freezer,	2,	3,	1.5,	0.67,	0.2,	0.31
House20,	Freezer,	2,	3,	2,	0.67,	0.2,	0.31
House20,	Freezer,	2,	3,	2.5,	1.0,	0.2,	0.33
House20,	Freezer,	2,	3,	3,	1.0,	0.2,	0.33
House20,	Freezer,	2,	3,	3.5,	1.0,	0.2,	0.33
House20,	Freezer,	2,	3.5,	1,	1.0,	0.2,	0.33
House20,	Freezer,	2,	3.5,	1.5,	1.0,	0.2,	0.33
House20,	Freezer,	2,	3.5,	2,	1.0,	0.2,	0.33
House20,	Freezer,	2,	3.5,	2.5,	1.0,	0.2,	0.33
House20,	Freezer,	2,	3.5,	3,	1.0,	0.2,	0.33
House20,	Freezer,	2,	3.5,	3.5,	1.0,	0.1,	0.18
House20,	Freezer,	3,	1,	1,	0.14,	1.0,	0.25
House20,	Freezer,	3,	1,	1.5,	0.14,	0.7,	0.23
House20,	Freezer,	3,	1,	2,	0.15,	0.7,	0.25
House20,	Freezer,	3,	1,	2.5,	0.17,	0.7,	0.27
House20,	Freezer,	3,	1,	3,	0.21,	0.7,	0.32
House20,	Freezer,	3,	1,	3.5,	0.27,	0.6,	0.37
House20,	Freezer,	3,	1.5,	1,	0.58,	0.7,	0.63
House20,	Freezer,	3,	1.5,	1.5,	0.64,	0.7,	0.67
House20,	Freezer,	3,	1.5,	2,	0.64,	0.7,	0.67
House20,	Freezer,	3,	1.5,	2.5,	0.63,	0.5,	0.56
House20,	Freezer,	3,	1.5,	3,	0.63,	0.5,	0.56
House20,	Freezer,	3,	1.5,	3.5,	0.63,	0.5,	0.56
House20,	Freezer,	3,	2,	1,	0.78,	0.7,	0.74
House20,	Freezer,	3,	2,	1.5,	0.71,	0.5,	0.59
House20,	Freezer,	3,	2,	2,	0.71,	0.5,	0.59
House20,	Freezer,	3,	2,	2.5,	0.71,	0.5,	0.59
House20,	Freezer,	3,	2,	3,	0.83,	0.5,	0.62
House20,	Freezer,	3,	2,	3.5,	0.83,	0.5,	0.62
House20,	Freezer,	3,	2.5,	1,	0.67,	0.4,	0.5
House20,	Freezer,	3,	2.5,	1.5,	0.67,	0.4,	0.5
House20,	Freezer,	3,	2.5,	2,	0.8,	0.4,	0.53
House20,	Freezer,	3,	2.5,	2.5,	0.8,	0.4,	0.53
House20,	Freezer,	3,	2.5,	3,	0.8,	0.4,	0.53
House20,	Freezer,	3,	2.5,	3.5,	0.75,	0.3,	0.43
House20,	Freezer,	3,	3,	1,	0.6,	0.3,	0.4
House20,	Freezer,	3,	3,	1.5,	0.75,	0.3,	0.43
House20,	Freezer,	3,	3,	2,	0.75,	0.3,	0.43
House20,	Freezer,	3,	3,	2.5,	0.75,	0.3,	0.43
House20,	Freezer,	3,	3,	3,	0.75,	0.3,	0.43
House20,	Freezer,	3,	3,	3.5,	0.75,	0.3,	0.43
House20,	Freezer,	3,	3.5,	1,	0.75,	0.3,	0.43
House20,	Freezer,	3,	3.5,	1.5,	0.75,	0.3,	0.43
House20,	Freezer,	3,	3.5,	2,	0.75,	0.3,	0.43
House20,	Freezer,	3,	3.5,	2.5,	0.75,	0.3,	0.43
House20,	Freezer,	3,	3.5,	3,	0.75,	0.3,	0.43
House20,	Freezer,	3,	3.5,	3.5,	0.75,	0.3,	0.43
House20,	Freezer,	4,	1,	1,	0.11,	1.0,	0.2
House20,	Freezer,	4,	1,	1.5,	0.12,	1.0,	0.21
House20,	Freezer,	4,	1,	2,	0.1,	0.8,	0.18
House20,	Freezer,	4,	1,	2.5,	0.26,	0.8,	0.39
House20,	Freezer,	4,	1,	3,	0.36,	0.8,	0.5
House20,	Freezer,	4,	1,	3.5,	0.37,	0.7,	0.48
House20,	Freezer,	4,	1.5,	1,	0.4,	0.8,	0.53
House20,	Freezer,	4,	1.5,	1.5,	0.62,	0.8,	0.7
House20,	Freezer,	4,	1.5,	2,	0.73,	0.8,	0.76
House20,	Freezer,	4,	1.5,	2.5,	0.88,	0.7,	0.78
House20,	Freezer,	4,	1.5,	3,	1.0,	0.6,	0.75
House20,	Freezer,	4,	1.5,	3.5,	1.0,	0.5,	0.67
House20,	Freezer,	4,	2,	1,	0.8,	0.8,	0.8
House20,	Freezer,	4,	2,	1.5,	1.0,	0.7,	0.82
House20,	Freezer,	4,	2,	2,	1.0,	0.6,	0.75
House20,	Freezer,	4,	2,	2.5,	1.0,	0.5,	0.67
House20,	Freezer,	4,	2,	3,	1.0,	0.5,	0.67
House20,	Freezer,	4,	2,	3.5,	1.0,	0.5,	0.67
House20,	Freezer,	4,	2.5,	1,	1.0,	0.7,	0.82
House20,	Freezer,	4,	2.5,	1.5,	1.0,	0.5,	0.67
House20,	Freezer,	4,	2.5,	2,	1.0,	0.5,	0.67
House20,	Freezer,	4,	2.5,	2.5,	1.0,	0.4,	0.57
House20,	Freezer,	4,	2.5,	3,	1.0,	0.4,	0.57
House20,	Freezer,	4,	2.5,	3.5,	1.0,	0.4,	0.57
House20,	Freezer,	4,	3,	1,	1.0,	0.4,	0.57
House20,	Freezer,	4,	3,	1.5,	1.0,	0.4,	0.57
House20,	Freezer,	4,	3,	2,	1.0,	0.4,	0.57
House20,	Freezer,	4,	3,	2.5,	1.0,	0.4,	0.57
House20,	Freezer,	4,	3,	3,	1.0,	0.4,	0.57
House20,	Freezer,	4,	3,	3.5,	1.0,	0.3,	0.46
House20,	Freezer,	4,	3.5,	1,	1.0,	0.3,	0.46
House20,	Freezer,	4,	3.5,	1.5,	1.0,	0.3,	0.46
House20,	Freezer,	4,	3.5,	2,	1.0,	0.3,	0.46
House20,	Freezer,	4,	3.5,	2.5,	1.0,	0.3,	0.46
House20,	Freezer,	4,	3.5,	3,	1.0,	0.3,	0.46
House20,	Freezer,	4,	3.5,	3.5,	1.0,	0.3,	0.46
House20,	Freezer,	6,	1,	1,	0.12,	1.0,	0.21
House20,	Freezer,	6,	1,	1.5,	0.17,	0.9,	0.29
House20,	Freezer,	6,	1,	2,	0.22,	0.9,	0.35
House20,	Freezer,	6,	1,	2.5,	0.24,	0.9,	0.38
House20,	Freezer,	6,	1,	3,	0.27,	0.9,	0.42
House20,	Freezer,	6,	1,	3.5,	0.45,	0.9,	0.6
House20,	Freezer,	6,	1.5,	1,	0.36,	0.9,	0.51
House20,	Freezer,	6,	1.5,	1.5,	0.45,	0.9,	0.6
House20,	Freezer,	6,	1.5,	2,	0.56,	0.9,	0.69
House20,	Freezer,	6,	1.5,	2.5,	0.69,	0.9,	0.78
House20,	Freezer,	6,	1.5,	3,	0.9,	0.9,	0.9
House20,	Freezer,	6,	1.5,	3.5,	0.9,	0.9,	0.9
House20,	Freezer,	6,	2,	1,	0.56,	0.9,	0.69
House20,	Freezer,	6,	2,	1.5,	0.69,	0.9,	0.78
House20,	Freezer,	6,	2,	2,	0.9,	0.9,	0.9
House20,	Freezer,	6,	2,	2.5,	0.9,	0.9,	0.9
House20,	Freezer,	6,	2,	3,	0.9,	0.9,	0.9
House20,	Freezer,	6,	2,	3.5,	0.9,	0.9,	0.9
House20,	Freezer,	6,	2.5,	1,	0.9,	0.9,	0.9
House20,	Freezer,	6,	2.5,	1.5,	0.9,	0.9,	0.9
House20,	Freezer,	6,	2.5,	2,	0.9,	0.9,	0.9
House20,	Freezer,	6,	2.5,	2.5,	0.9,	0.9,	0.9
House20,	Freezer,	6,	2.5,	3,	0.88,	0.7,	0.78
House20,	Freezer,	6,	2.5,	3.5,	0.88,	0.7,	0.78
House20,	Freezer,	6,	3,	1,	0.9,	0.9,	0.9
House20,	Freezer,	6,	3,	1.5,	0.89,	0.8,	0.84
House20,	Freezer,	6,	3,	2,	0.89,	0.8,	0.84
House20,	Freezer,	6,	3,	2.5,	0.88,	0.7,	0.78
House20,	Freezer,	6,	3,	3,	0.88,	0.7,	0.78
House20,	Freezer,	6,	3,	3.5,	0.83,	0.5,	0.62
House20,	Freezer,	6,	3.5,	1,	0.89,	0.8,	0.84
House20,	Freezer,	6,	3.5,	1.5,	0.88,	0.7,	0.78
House20,	Freezer,	6,	3.5,	2,	1.0,	0.6,	0.75
House20,	Freezer,	6,	3.5,	2.5,	1.0,	0.5,	0.67
House20,	Freezer,	6,	3.5,	3,	1.0,	0.5,	0.67
House20,	Freezer,	6,	3.5,	3.5,	1.0,	0.4,	0.57
House20,	Freezer,	8,	1,	1,	0.11,	1.0,	0.2
House20,	Freezer,	8,	1,	1.5,	0.12,	1.0,	0.21
House20,	Freezer,	8,	1,	2,	0.1,	0.8,	0.18
House20,	Freezer,	8,	1,	2.5,	0.14,	0.8,	0.24
House20,	Freezer,	8,	1,	3,	0.15,	0.8,	0.25
House20,	Freezer,	8,	1,	3.5,	0.15,	0.7,	0.25
House20,	Freezer,	8,	1.5,	1,	0.19,	0.9,	0.31
House20,	Freezer,	8,	1.5,	1.5,	0.2,	0.8,	0.32
House20,	Freezer,	8,	1.5,	2,	0.19,	0.7,	0.3
House20,	Freezer,	8,	1.5,	2.5,	0.3,	0.7,	0.42
House20,	Freezer,	8,	1.5,	3,	0.35,	0.7,	0.47
House20,	Freezer,	8,	1.5,	3.5,	0.5,	0.7,	0.58
House20,	Freezer,	8,	2,	1,	0.44,	0.7,	0.54
House20,	Freezer,	8,	2,	1.5,	0.47,	0.7,	0.56
House20,	Freezer,	8,	2,	2,	0.54,	0.7,	0.61
House20,	Freezer,	8,	2,	2.5,	0.54,	0.7,	0.61
House20,	Freezer,	8,	2,	3,	0.58,	0.7,	0.63
House20,	Freezer,	8,	2,	3.5,	0.88,	0.7,	0.78
House20,	Freezer,	8,	2.5,	1,	0.64,	0.7,	0.67
House20,	Freezer,	8,	2.5,	1.5,	0.64,	0.7,	0.67
House20,	Freezer,	8,	2.5,	2,	0.78,	0.7,	0.74
House20,	Freezer,	8,	2.5,	2.5,	0.78,	0.7,	0.74
House20,	Freezer,	8,	2.5,	3,	0.88,	0.7,	0.78
House20,	Freezer,	8,	2.5,	3.5,	0.86,	0.6,	0.71
House20,	Freezer,	8,	3,	1,	0.67,	0.6,	0.63
House20,	Freezer,	8,	3,	1.5,	0.75,	0.6,	0.67
House20,	Freezer,	8,	3,	2,	0.86,	0.6,	0.71
House20,	Freezer,	8,	3,	2.5,	0.86,	0.6,	0.71
House20,	Freezer,	8,	3,	3,	0.83,	0.5,	0.62
House20,	Freezer,	8,	3,	3.5,	1.0,	0.5,	0.67
House20,	Freezer,	8,	3.5,	1,	0.75,	0.6,	0.67
House20,	Freezer,	8,	3.5,	1.5,	0.86,	0.6,	0.71
House20,	Freezer,	8,	3.5,	2,	1.0,	0.5,	0.67
House20,	Freezer,	8,	3.5,	2.5,	1.0,	0.3,	0.46
House20,	Freezer,	8,	3.5,	3,	1.0,	0.3,	0.46
House20,	Freezer,	8,	3.5,	3.5,	1.0,	0.3,	0.46
